diff(r)+diff(g)+diff(b),different pixel count,name
4505230,371932,render_25000_30_1.png
4609572,372062,render_16000_30_11.png
4674529,372608,render_25000_25_1.png
4841041,371065,render_16000_20_11.png
5015353,371906,render_16000_30_1.png
5030093,371343,render_16000_25_1.png
5094113,372821,render_16000_25_11.png
5229582,371843,render_25000_20_1.png
5245456,371539,render_16000_30_31.png
5266178,372817,render_16000_20_21.png
5270260,370840,render_25000_30_11.png
5303854,372484,render_16000_30_21.png
5320705,369950,render_25000_30_21.png
5379185,372023,render_24000_30_1.png
5415756,372911,render_24000_25_1.png
5450160,371504,render_25000_30_31.png
5502429,372772,render_16000_25_31.png
5512703,371799,render_15000_30_11.png
5549417,373364,render_16000_20_31.png
5557893,371272,render_16000_20_1.png
5684125,373582,render_16000_30_41.png
5694720,373634,render_16000_25_21.png
5703108,373429,render_16000_15_11.png
5705429,372823,render_25000_25_11.png
5710496,372044,render_25000_30_41.png
5712118,373949,render_16000_20_41.png
5720990,372846,render_15000_30_21.png
5762179,373282,render_15000_25_11.png
5771701,373293,render_16000_15_41.png
5781266,372759,render_16000_25_41.png
5812032,372862,render_15000_20_11.png
5819484,370863,render_15000_30_31.png
5938076,370005,render_25000_25_31.png
5967262,372486,render_24000_20_1.png
5983015,373310,render_25000_25_41.png
6006385,371186,render_24000_30_31.png
6016987,374151,render_24000_30_11.png
6020470,373011,render_24000_30_21.png
6027415,372403,render_25000_20_21.png
6063094,373005,render_25000_20_11.png
6064609,374072,render_16000_15_21.png
6069960,373887,render_15000_20_21.png
6173900,374188,render_15000_30_41.png
6176103,372598,render_15000_25_1.png
6210356,371805,render_24000_30_41.png
6237573,373861,render_25000_25_21.png
6238902,373172,render_15000_25_31.png
6302334,372544,render_15000_30_1.png
6310588,373885,render_25000_20_31.png
6325546,373267,render_24000_25_11.png
6328825,373587,render_16000_15_31.png
6330663,372825,render_15000_25_41.png
6335201,372914,render_25000_20_41.png
6349056,374230,render_15000_20_31.png
6384749,372325,render_23000_30_1.png
6387631,372676,render_25000_15_1.png
6406711,373120,render_23000_25_1.png
6468607,373176,render_14000_30_21.png
6469352,374372,render_24000_25_41.png
6524354,371506,render_24000_25_31.png
6540640,373990,render_14000_30_11.png
6590170,372063,render_25000_15_41.png
6610888,373513,render_15000_20_41.png
6619439,373151,render_15000_15_11.png
6653654,373136,render_16000_15_1.png
6654504,374419,render_14000_20_11.png
6699323,374205,render_15000_25_21.png
6710975,374091,render_14000_30_31.png
6719656,373075,render_16000_10_11.png
6728169,372936,render_24000_20_21.png
6753539,374114,render_23000_30_11.png
6773738,373718,render_23000_30_21.png
6778876,373327,render_25000_15_11.png
6786945,373745,render_24000_20_11.png
6810580,373804,render_24000_25_21.png
6868644,373570,render_23000_30_31.png
6875581,372794,render_16000_10_21.png
6904285,374309,render_15000_15_41.png
6952990,372451,render_15000_20_1.png
6964305,373287,render_15000_15_21.png
6985167,372718,render_24000_20_31.png
6992592,372822,render_23000_30_41.png
7017397,373731,render_14000_30_41.png
7019798,373991,render_25000_15_31.png
7045343,373194,render_23000_20_1.png
7078653,374209,render_14000_20_21.png
7104968,373954,render_14000_25_11.png
7144021,373710,render_22000_30_1.png
7152710,372449,render_25000_15_21.png
7172240,372971,render_14000_25_31.png
7177406,374890,render_15000_15_31.png
7187834,374096,render_14000_25_41.png
7193526,372202,render_24000_15_1.png
7202761,373698,render_16000_10_41.png
7203552,374320,render_24000_20_41.png
7219081,373571,render_23000_25_11.png
7257521,372827,render_22000_25_1.png
7272476,374141,render_23000_25_41.png
7320573,373300,render_16000_10_31.png
7321051,371095,render_23000_25_31.png
7326174,373751,render_24000_15_41.png
7489089,373327,render_23000_20_21.png
7494339,374036,render_22000_30_21.png
7507187,373857,render_22000_30_11.png
7558419,373255,render_14000_30_1.png
7562477,373921,render_24000_15_11.png
7565973,374250,render_13000_30_11.png
7575952,374583,render_23000_25_21.png
7619386,373318,render_14000_25_1.png
7620402,373936,render_22000_30_31.png
7644792,374330,render_23000_20_11.png
7652454,374649,render_14000_20_41.png
7654941,374938,render_14000_20_31.png
7721443,375253,render_14000_25_21.png
7732701,374281,render_22000_30_41.png
7742559,373714,render_23000_20_31.png
7778098,372398,render_25000_10_1.png
7810779,373568,render_23000_20_41.png
7843698,374577,render_24000_15_31.png
7877135,373463,render_15000_15_1.png
7922919,374735,render_22000_25_41.png
7954137,373240,render_24000_15_21.png
8012487,373917,render_22000_25_11.png
8048252,372725,render_23000_15_41.png
8052955,373973,render_14000_15_11.png
8071521,373081,render_16000_5_31.png
8108976,372840,render_16000_5_41.png
8119400,372019,render_22000_25_31.png
8123159,374230,render_25000_10_11.png
8141487,375239,render_13000_30_21.png
8147273,373266,render_23000_15_1.png
8155265,373735,render_21000_30_1.png
8169147,372963,render_15000_10_11.png
8174044,373106,render_16000_10_1.png
8183345,374672,render_14000_15_41.png
8183955,373630,render_22000_20_1.png
8185019,374186,render_15000_10_21.png
8189236,374359,render_13000_25_11.png
8194315,372342,render_25000_10_41.png
8253768,373252,render_21000_30_11.png
8257909,375094,render_13000_30_41.png
8260327,375159,render_13000_30_31.png
8282394,374736,render_15000_10_41.png
8290211,373839,render_21000_30_31.png
8323530,374273,render_14000_15_21.png
8330327,372943,render_21000_25_1.png
8342022,373947,render_22000_20_21.png
8343064,375579,render_8000_30_31.png
8351728,374172,render_25000_10_31.png
8352652,373436,render_16000_5_21.png
8359125,374250,render_23000_15_11.png
8361607,374585,render_22000_20_11.png
8362002,374352,render_14000_15_31.png
8374120,374330,render_13000_20_11.png
8378690,374746,render_21000_30_21.png
8396367,371951,render_25000_10_21.png
8397936,373886,render_14000_20_1.png
8427068,374573,render_13000_25_41.png
8444978,373438,render_15000_10_31.png
8478515,375223,render_8000_30_41.png
8495681,374354,render_13000_20_21.png
8506517,373506,render_23000_15_21.png
8538641,374686,render_21000_30_41.png
8546071,375165,render_8000_20_11.png
8554063,376169,render_8000_25_11.png
8569043,373489,render_16000_5_11.png
8581613,374685,render_23000_15_31.png
8592432,374917,render_22000_25_21.png
8596520,376036,render_8000_30_21.png
8638326,373484,render_22000_20_41.png
8682121,374111,render_22000_20_31.png
8684294,375018,render_13000_25_31.png
8789012,374137,render_21000_25_41.png
8794302,372492,render_24000_10_41.png
8852964,375977,render_8000_20_21.png
8880647,373701,render_24000_10_1.png
8901079,374538,render_22000_15_11.png
8967242,375035,render_13000_20_41.png
9012209,374396,render_24000_10_11.png
9016509,375887,render_8000_30_11.png
9039424,373828,render_22000_15_41.png
9051597,375440,render_13000_25_21.png
9059371,375818,render_8000_25_31.png
9091472,372318,render_24000_10_21.png
9103370,374078,render_13000_25_1.png
9149930,375079,render_13000_20_31.png
9169599,374353,render_21000_25_11.png
9210287,374232,render_13000_30_1.png
9210373,374102,render_21000_25_31.png
9212731,373315,render_15000_5_31.png
9245382,375042,render_20000_30_21.png
9263543,373509,render_21000_20_1.png
9295413,374218,render_21000_25_21.png
9303406,374163,render_21000_20_11.png
9308517,373519,render_13000_15_11.png
9314773,373491,render_14000_10_21.png
9329091,374259,render_21000_20_21.png
9331301,373942,render_20000_30_1.png
9339926,376006,render_8000_25_41.png
9341674,373428,render_22000_15_1.png
9358425,374479,render_22000_15_31.png
9363068,374006,render_20000_30_31.png
9363405,374559,render_8000_30_1.png
9367432,373755,render_14000_15_1.png
9376627,373549,render_24000_10_31.png
9393138,374066,render_22000_15_21.png
9411743,374087,render_20000_30_11.png
9431528,374564,render_12000_25_11.png
9434899,375880,render_8000_25_21.png
9442087,373606,render_20000_25_1.png
9458051,375114,render_12000_30_11.png
9458154,375482,render_8000_20_31.png
9458682,375912,render_8000_20_41.png
9485880,375631,render_12000_30_21.png
9490614,374272,render_13000_15_21.png
9502695,375137,render_12000_30_31.png
9524729,374886,render_21000_20_31.png
9529516,373967,render_21000_20_41.png
9561368,371803,render_25000_5_41.png
9570162,374940,render_13000_15_41.png
9594190,373962,render_15000_10_1.png
9621020,374599,render_8000_25_1.png
9644850,373961,render_25000_5_21.png
9658244,375245,render_20000_30_41.png
9667249,373398,render_23000_10_41.png
9710842,374156,render_15000_5_41.png
9718030,373445,render_14000_10_11.png
9726876,374550,render_14000_10_41.png
9746397,373623,render_13000_20_1.png
9765740,373759,render_25000_5_11.png
9773273,374838,render_20000_25_41.png
9788874,373697,render_14000_10_31.png
9799741,374439,render_21000_15_11.png
9802367,374406,render_12000_20_21.png
9822098,375306,render_12000_30_41.png
9857788,373806,render_23000_10_1.png
9867865,375295,render_13000_15_31.png
9894069,375595,render_8000_15_41.png
9898488,373734,render_25000_5_31.png
9905318,374380,render_23000_10_11.png
9936335,375302,render_12000_25_41.png
9978023,374462,render_12000_20_11.png
9998663,373339,render_15000_5_21.png
10012582,374865,render_8000_15_21.png
10014314,374234,render_21000_15_41.png
10103089,374006,render_8000_20_1.png
10106629,373696,render_23000_10_21.png
10141029,374635,render_20000_25_11.png
10231068,374285,render_20000_20_21.png
10238718,374443,render_20000_20_11.png
10244231,373502,render_20000_25_31.png
10245935,373440,render_16000_5_1.png
10255765,374348,render_23000_10_31.png
10266254,374769,render_19000_30_31.png
10277935,374361,render_21000_15_31.png
10298016,375152,render_19000_30_21.png
10322630,375458,render_12000_25_31.png
10322715,373390,render_21000_15_21.png
10343395,373633,render_21000_15_1.png
10380122,372697,render_15000_5_11.png
10391162,375546,render_8000_15_11.png
10392934,376080,render_8000_15_31.png
10409028,373713,render_25000_5_1.png
10422046,373698,render_20000_20_1.png
10458830,373380,render_19000_30_11.png
10497746,375239,render_12000_20_31.png
10525203,373962,render_19000_30_1.png
10532160,374914,render_20000_25_21.png
10537796,373816,render_22000_10_41.png
10552660,372809,render_24000_5_21.png
10587063,374232,render_24000_5_41.png
10626329,373698,render_19000_25_1.png
10630536,374199,render_20000_20_41.png
10671822,375560,render_12000_20_41.png
10688719,375158,render_20000_20_31.png
10709778,375288,render_19000_30_41.png
10744945,374184,render_24000_5_31.png
10749344,373993,render_22000_10_11.png
10789790,373314,render_24000_5_11.png
10805038,375578,render_12000_25_21.png
10814699,374223,render_22000_10_21.png
10882204,374192,render_12000_25_1.png
10944287,374207,render_20000_15_11.png
10958959,375694,render_11000_30_21.png
10962427,375254,render_11000_30_11.png
10971792,374194,render_14000_5_41.png
10985445,374381,render_13000_10_21.png
11001596,374646,render_19000_25_41.png
11018301,374556,render_11000_25_11.png
11070740,373622,render_14000_5_31.png
11082306,375484,render_7000_30_41.png
11113804,374655,render_20000_15_41.png
11135968,376219,render_7000_30_21.png
11139030,373841,render_22000_10_1.png
11143944,374651,render_19000_20_21.png
11147062,373894,render_13000_15_1.png
11168046,373156,render_22000_10_31.png
11206027,375111,render_12000_15_21.png
11209090,374447,render_12000_15_11.png
11211221,374036,render_14000_10_1.png
11223765,374617,render_19000_25_11.png
11227077,375891,render_7000_30_31.png
11259932,374492,render_19000_25_31.png
11269816,374972,render_13000_10_41.png
11271866,375008,render_12000_15_41.png
11289768,375603,render_11000_30_31.png
11310549,375881,render_7000_25_11.png
11313234,374540,render_19000_20_11.png
11338666,374523,render_12000_30_1.png
11368672,373888,render_13000_10_11.png
11370628,375855,render_7000_30_11.png
11381868,375036,render_18000_30_21.png
11389266,373390,render_23000_5_41.png
11392141,373937,render_20000_15_21.png
11400944,373729,render_24000_5_1.png
11410620,375961,render_11000_30_41.png
11445961,373916,render_14000_5_21.png
11453330,374367,render_20000_15_31.png
11463372,373566,render_13000_10_31.png
11469972,375726,render_8000_10_21.png
11477413,374451,render_8000_15_1.png
11534586,375219,render_12000_15_31.png
11558863,375399,render_11000_20_21.png
11568386,373401,render_23000_5_11.png
11574419,373740,render_23000_5_21.png
11584922,373808,render_20000_15_1.png
11605681,373695,render_19000_20_1.png
11611743,375175,render_19000_20_31.png
11622474,374841,render_19000_20_41.png
11638890,375047,render_18000_30_31.png
11638939,374966,render_19000_25_21.png
11674817,376344,render_4000_30_41.png
11700093,373946,render_23000_5_31.png
11702442,374388,render_21000_10_11.png
11716778,373967,render_21000_10_41.png
11718044,373896,render_12000_20_1.png
11723482,375481,render_4000_20_21.png
11737635,375850,render_4000_30_31.png
11752728,375834,render_11000_25_41.png
11774819,375956,render_8000_10_41.png
11793781,374487,render_18000_30_11.png
11793923,373693,render_15000_5_1.png
11798013,374859,render_11000_20_11.png
11815079,375305,render_7000_20_11.png
11856324,374012,render_18000_30_1.png
11897432,375892,render_4000_25_41.png
11913127,375527,render_11000_25_31.png
11919820,375527,render_7000_25_41.png
11924513,376275,render_4000_25_21.png
11942607,375413,render_18000_30_41.png
11946362,376065,render_7000_20_21.png
11946783,374406,render_21000_10_21.png
11994781,374674,render_18000_25_41.png
12076434,375325,render_8000_10_11.png
12100201,373811,render_14000_5_11.png
12157615,373573,render_18000_25_1.png
12191601,376427,render_7000_25_31.png
12220919,375967,render_7000_25_21.png
12224973,374470,render_18000_25_11.png
12231688,375971,render_8000_10_31.png
12233597,376011,render_11000_20_41.png
12249069,374976,render_18000_20_21.png
12252098,374381,render_19000_15_11.png
12302363,376239,render_4000_30_21.png
12318296,375806,render_7000_20_41.png
12323494,374385,render_18000_20_11.png
12330737,374656,render_21000_10_31.png
12354639,376169,render_7000_20_31.png
12354762,373971,render_19000_15_41.png
12390901,375389,render_11000_20_31.png
12417413,374684,render_18000_25_31.png
12441244,373746,render_22000_5_11.png
12481445,373805,render_21000_10_1.png
12494890,372103,render_23000_5_1.png
12502061,376154,render_4000_25_11.png
12604818,371481,render_22000_5_41.png
12607707,373033,render_22000_5_31.png
12667153,374975,render_17000_30_21.png
12681038,374087,render_19000_15_21.png
12716856,374678,render_20000_10_41.png
12723396,375702,render_7000_15_41.png
12732794,375753,render_4000_20_41.png
12732846,375648,render_11000_25_21.png
12755141,373593,render_22000_5_21.png
12773480,374924,render_19000_15_31.png
12780828,375279,render_17000_30_31.png
12794638,374819,render_7000_25_1.png
12829990,376167,render_4000_25_31.png
12836684,373233,render_20000_10_11.png
12836889,375670,render_10000_30_21.png
12842571,375182,render_11000_15_21.png
12853086,374956,render_18000_25_21.png
12863155,374667,render_12000_10_21.png
12879100,375244,render_18000_20_31.png
12882406,374459,render_17000_30_11.png
12885665,376018,render_10000_30_31.png
12906828,375272,render_12000_10_41.png
12907433,374197,render_13000_5_41.png
12933145,375544,render_7000_15_21.png
12945405,376192,render_7000_15_31.png
13013656,375150,render_10000_30_11.png
13025572,374774,render_18000_20_41.png
13028303,374205,render_20000_10_21.png
13037878,374576,render_17000_25_41.png
13043782,374127,render_13000_10_1.png
13059043,376432,render_4000_30_11.png
13072080,374432,render_11000_25_1.png
13078840,373387,render_13000_5_31.png
13081651,375628,render_11000_15_41.png
13087649,374726,render_11000_30_1.png
13105159,373874,render_18000_20_1.png
13109736,374447,render_8000_10_1.png
13111427,373852,render_19000_15_1.png
13142414,374062,render_12000_15_1.png
13161578,375815,render_8000_5_31.png
13172251,376100,render_10000_30_41.png
13198100,375391,render_17000_30_41.png
13211180,376110,render_4000_25_1.png
13235205,374534,render_10000_25_11.png
13291820,374479,render_17000_25_11.png
13295681,376404,render_4000_20_31.png
13303924,374135,render_12000_10_11.png
13305715,373361,render_20000_10_31.png
13321743,374101,render_12000_10_31.png
13326809,374027,render_13000_5_21.png
13350218,375710,render_11000_15_31.png
13363486,375382,render_8000_5_21.png
13391018,373652,render_17000_25_1.png
13395902,374040,render_17000_30_1.png
13413240,374617,render_11000_15_11.png
13444233,376347,render_4000_20_11.png
13461728,374850,render_17000_20_21.png
13462826,374986,render_18000_15_41.png
13463335,374726,render_7000_30_1.png
13509716,375862,render_7000_15_11.png
13547640,375834,render_8000_5_41.png
13567715,375945,render_10000_25_41.png
13588073,375072,render_17000_25_31.png
13612807,373038,render_21000_5_41.png
13621095,375672,render_10000_20_21.png
13650480,375943,render_4000_15_21.png
13650857,373957,render_14000_5_1.png
13650919,374447,render_17000_20_11.png
13690437,374241,render_18000_15_11.png
13699199,373491,render_22000_5_1.png
13773881,373873,render_20000_10_1.png
13805483,375656,render_10000_25_31.png
13809314,373316,render_21000_5_11.png
13827807,376087,render_4000_20_1.png
13847808,373766,render_21000_5_31.png
13907982,373074,render_21000_5_21.png
13915433,372162,render_19000_10_11.png
13995455,374709,render_19000_10_41.png
14007093,375038,render_8000_5_11.png
14052833,374307,render_18000_15_21.png
14075896,373950,render_11000_20_1.png
14079415,375273,render_17000_20_31.png
14097898,374616,render_18000_15_31.png
14121694,374794,render_7000_20_1.png
14124412,376324,render_6000_30_21.png
14132486,374277,render_19000_10_21.png
14182010,375056,render_17000_25_21.png
14183771,375963,render_10000_20_41.png
14216456,375986,render_4000_30_1.png
14237368,373813,render_13000_5_11.png
14240623,376471,render_4000_15_41.png
14292900,373879,render_18000_15_1.png
14294002,375813,render_10000_20_31.png
14316623,375204,render_17000_20_41.png
14320914,376238,render_6000_30_41.png
14348283,374950,render_10000_20_11.png
14418743,375763,render_10000_25_21.png
14428195,376454,render_4000_15_11.png
14435031,374081,render_19000_10_31.png
14487093,373863,render_17000_20_1.png
14548455,376103,render_4000_15_31.png
14653567,375791,render_6000_30_31.png
14732801,374213,render_17000_15_41.png
14835142,376095,render_7000_10_41.png
14835658,374812,render_7000_15_1.png
14847843,375083,render_10000_15_21.png
14850399,375545,render_11000_10_41.png
14878526,375633,render_7000_10_21.png
14891544,375795,render_6000_25_11.png
14893671,375806,render_10000_15_41.png
14924323,374588,render_11000_10_21.png
14937437,373829,render_21000_5_1.png
14959316,374149,render_17000_15_11.png
15007473,375999,render_6000_30_11.png
15014154,375620,render_6000_20_21.png
15020689,376531,render_2000_30_31.png
15080577,375703,render_9000_30_41.png
15085311,373612,render_12000_5_31.png
15088124,376006,render_9000_30_31.png
15110005,374274,render_12000_10_1.png
15126567,374662,render_10000_25_1.png
15127322,374118,render_17000_15_21.png
15130062,374077,render_20000_5_41.png
15136622,375695,render_9000_30_21.png
15154774,372872,render_20000_5_21.png
15183146,373984,render_20000_5_31.png
15193311,373822,render_12000_5_41.png
15193714,375931,render_4000_15_1.png
15200592,373886,render_19000_10_1.png
15201434,373393,render_20000_5_11.png
15240506,376422,render_6000_25_41.png
15242220,375674,render_10000_15_31.png
15269623,374612,render_18000_10_41.png
15270280,374270,render_11000_15_1.png
15291589,375299,render_7000_10_11.png
15295471,375697,render_7000_10_31.png
15355975,374918,render_17000_15_31.png
15357627,374797,render_10000_30_1.png
15391490,373814,render_18000_10_11.png
15395046,374331,render_18000_10_21.png
15412792,376206,render_2000_25_21.png
15414046,376065,render_6000_20_41.png
15420251,374711,render_11000_10_31.png
15427485,376040,render_6000_25_31.png
15433077,376295,render_4000_10_41.png
15486936,375435,render_9000_25_41.png
15530015,376324,render_6000_20_31.png
15538198,374241,render_11000_10_11.png
15758872,374739,render_9000_25_11.png
15823497,375017,render_9000_30_11.png
15846240,374661,render_18000_10_31.png
15861111,374845,render_10000_15_11.png
15868874,375890,render_6000_20_11.png
15870233,376470,render_2000_25_41.png
15880666,375573,render_9000_20_21.png
15880739,373902,render_17000_15_1.png
15912542,374029,render_12000_5_21.png
15928666,374034,render_13000_5_1.png
15985818,376350,render_6000_25_21.png
16022587,375848,render_9000_25_31.png
16122636,375869,render_9000_20_41.png
16166018,374726,render_8000_5_1.png
16199550,376257,render_2000_20_21.png
16206591,375563,render_9000_20_31.png
16274791,373143,render_19000_5_31.png
16307019,373726,render_19000_5_41.png
16342725,376350,render_6000_15_41.png
16404648,376233,render_4000_10_31.png
16416122,374354,render_10000_20_1.png
16433041,374011,render_12000_5_11.png
16450540,376204,render_6000_15_31.png
16457788,373839,render_20000_5_1.png
16496031,373419,render_19000_5_21.png
16509978,373683,render_19000_5_11.png
16559936,376161,render_4000_10_11.png
16661397,376515,render_2000_30_41.png
16665393,374817,render_17000_10_41.png
16665798,374847,render_9000_20_11.png
16676053,373897,render_18000_10_1.png
16686727,375887,render_6000_15_21.png
16734132,374823,render_6000_25_1.png
16741389,375450,render_7000_5_31.png
16787594,376392,render_2000_20_41.png
16804928,376507,render_2000_20_31.png
16818113,375877,render_4000_10_21.png
16841065,375458,render_9000_25_21.png
16846333,376440,render_2000_30_21.png
16865093,374925,render_7000_5_21.png
16870705,373910,render_17000_10_21.png
16894284,374571,render_17000_10_31.png
16955094,376060,render_2000_30_11.png
16985230,373808,render_17000_10_11.png
17004268,376241,render_2000_15_41.png
17070372,374707,render_10000_10_21.png
17121537,376450,render_2000_25_31.png
17150612,375657,render_9000_15_41.png
17163115,375497,render_10000_10_41.png
17198699,374147,render_7000_10_1.png
17235970,374099,render_11000_5_41.png
17263305,376271,render_2000_15_21.png
17296089,375582,render_7000_5_41.png
17297706,374394,render_11000_5_31.png
17304879,375203,render_9000_15_21.png
17316330,374222,render_11000_10_1.png
17400293,375439,render_9000_15_31.png
17468657,374810,render_6000_30_1.png
17573641,374843,render_9000_25_1.png
17582449,375901,render_6000_15_11.png
17606641,375178,render_10000_10_31.png
17687929,376356,render_3000_30_41.png
17692538,374179,render_18000_5_41.png
17706342,373563,render_18000_5_31.png
17778493,375729,render_4000_10_1.png
17784199,374114,render_11000_5_21.png
17817446,376191,render_5000_30_31.png
17826902,376119,render_3000_30_31.png
17837094,376436,render_2000_20_11.png
17870988,374694,render_6000_20_1.png
17876888,375344,render_2000_20_1.png
17924292,373639,render_18000_5_21.png
17959081,374845,render_9000_30_1.png
18014638,373381,render_18000_5_11.png
18090975,373416,render_19000_5_1.png
18240262,374113,render_10000_10_11.png
18275888,374582,render_10000_15_1.png
18282191,376299,render_2000_25_11.png
18314042,373924,render_17000_10_1.png
18330756,374095,render_12000_5_1.png
18405108,376237,render_4000_5_41.png
18432958,374806,render_9000_15_11.png
18466675,376428,render_3000_20_21.png
18631456,376130,render_6000_10_41.png
18714242,374713,render_7000_5_11.png
18803840,376459,render_5000_30_41.png
18830944,374146,render_11000_5_11.png
18888891,376488,render_2000_15_31.png
18985717,376144,render_4000_5_31.png
19023481,374104,render_17000_5_41.png
19044837,376107,render_5000_25_41.png
19046009,375926,render_5000_20_21.png
19048707,376273,render_5000_30_21.png
19050543,376345,render_3000_25_21.png
19060860,376225,render_4000_5_21.png
19083318,373476,render_17000_5_31.png
19144065,375609,render_2000_25_1.png
19145395,375895,render_6000_10_21.png
19156655,374821,render_6000_15_1.png
19177963,376181,render_4000_5_11.png
19195847,374794,render_9000_20_1.png
19213334,376309,render_3000_30_21.png
19232917,375913,render_6000_10_31.png
19307340,374015,render_17000_5_21.png
19317791,375962,render_3000_25_41.png
19339660,376166,render_3000_30_11.png
19372717,375713,render_5000_25_11.png
19479186,375277,render_9000_10_41.png
19536042,376490,render_3000_25_31.png
19657368,376486,render_3000_20_41.png
19659124,375714,render_5000_30_11.png
19665591,374674,render_6000_10_11.png
19680169,376255,render_3000_15_21.png
19742276,373810,render_18000_5_1.png
19749412,376380,render_3000_25_11.png
19827975,376399,render_2000_10_31.png
19838631,373861,render_17000_5_11.png
19849995,375590,render_2000_30_1.png
19910723,376488,render_3000_20_31.png
19916857,376329,render_5000_25_31.png
19936939,376444,render_3000_20_11.png
19954603,374851,render_9000_10_21.png
19987961,374715,render_10000_5_41.png
19997214,374709,render_10000_5_31.png
20030527,376290,render_5000_20_31.png
20051070,375882,render_5000_15_21.png
20142600,376373,render_5000_20_41.png
20196654,376348,render_2000_10_41.png
20208965,376275,render_5000_25_21.png
20248290,374562,render_10000_10_1.png
20397490,374739,render_7000_5_1.png
20458858,374244,render_10000_5_21.png
20485956,376306,render_5000_15_41.png
20495627,376055,render_2000_15_11.png
20554492,375635,render_3000_25_1.png
20591320,376158,render_5000_15_31.png
20645139,376442,render_1000_25_21.png
20658743,375166,render_9000_10_31.png
20682979,374272,render_11000_5_1.png
20683126,376448,render_3000_15_41.png
20710045,375646,render_5000_20_11.png
20761123,375385,render_4000_5_1.png
20835210,374996,render_2000_15_1.png
21000436,376157,render_3000_15_31.png
21006518,374818,render_9000_15_1.png
21012682,374610,render_9000_10_11.png
21300758,376363,render_1000_25_41.png
21319651,375412,render_3000_20_1.png
21410802,373643,render_17000_5_1.png
21462789,376338,render_1000_30_31.png
21463400,376416,render_2000_10_21.png
21618216,374176,render_10000_5_11.png
21747153,375246,render_6000_5_31.png
21759117,376322,render_2000_10_11.png
21767004,375376,render_6000_5_41.png
21832381,374538,render_6000_10_1.png
21845296,374995,render_6000_5_21.png
21869098,374833,render_5000_25_1.png
22171879,376397,render_1000_30_21.png
22312102,375731,render_3000_30_1.png
22404767,376540,render_1000_30_41.png
22537703,376225,render_1000_30_11.png
22583072,375356,render_5000_15_11.png
22762297,374839,render_5000_30_1.png
22840195,376471,render_1000_20_21.png
22981654,374804,render_5000_20_1.png
22996856,376422,render_1000_25_31.png
23055089,376297,render_1000_20_41.png
23138588,376435,render_3000_10_41.png
23142436,376021,render_3000_15_11.png
23163113,374781,render_9000_10_1.png
23225234,374611,render_9000_5_31.png
23270371,374656,render_10000_5_1.png
23366206,374586,render_9000_5_41.png
23376590,374864,render_1000_25_1.png
23442562,374518,render_9000_5_21.png
23554055,374720,render_6000_5_11.png
23678586,376192,render_2000_5_21.png
23682531,374929,render_2000_10_1.png
23760980,376028,render_5000_10_41.png
23859197,376427,render_1000_20_31.png
24100513,376259,render_3000_10_21.png
24178596,375408,render_3000_15_1.png
24270236,376239,render_2000_5_31.png
24373477,376307,render_2000_5_41.png
24413420,375535,render_5000_10_21.png
24528874,375785,render_5000_10_31.png
24545283,376339,render_3000_10_31.png
24627188,375852,render_1000_25_11.png
25043778,376257,render_3000_10_11.png
25049762,375942,render_2000_5_11.png
25108184,374455,render_9000_5_11.png
25246978,374811,render_5000_15_1.png
25365929,376346,render_1000_15_31.png
25404147,376405,render_1000_20_11.png
25587493,375021,render_5000_10_11.png
25612073,374768,render_6000_5_1.png
25746235,376371,render_1000_15_21.png
25822746,374693,render_1000_20_1.png
25826627,376318,render_1000_15_41.png
26259755,376133,render_1000_15_11.png
26466301,374888,render_3000_10_1.png
26673920,374584,render_9000_5_1.png
26719631,376060,render_3000_5_21.png
26776553,376424,render_1000_10_31.png
26844652,376174,render_3000_5_41.png
27054358,376433,render_1000_10_41.png
27078004,374912,render_1000_30_1.png
27165343,375941,render_3000_5_31.png
27596630,374832,render_5000_5_41.png
27656658,374770,render_5000_5_31.png
27804268,374116,render_5000_10_1.png
27805399,374613,render_5000_5_21.png
27935260,374791,render_2000_5_1.png
28096081,375933,render_3000_5_11.png
28469659,374739,render_1000_15_1.png
29063399,374615,render_5000_5_11.png
29349390,376119,render_1000_10_21.png
29867798,376317,render_1000_10_11.png
30989402,376247,render_1000_5_41.png
31216829,374628,render_3000_5_1.png
31587009,374748,render_5000_5_1.png
32255468,376130,render_1000_5_31.png
32289105,376026,render_1000_5_21.png
33076223,375816,render_1000_5_11.png
33565586,374822,render_1000_10_1.png
35509622,374712,render_1000_5_1.png
